epoch,time,train/box_loss,train/cls_loss,train/dfl_loss,metrics/precision(B),metrics/recall(B),metrics/mAP50(B),metrics/mAP50-95(B),val/box_loss,val/cls_loss,val/dfl_loss,lr/pg0,lr/pg1,lr/pg2
1,41.8259,3.93221,4.44822,3.90503,8e-05,0.00728,4e-05,1e-05,4.60633,4.17213,4.4317,0.000546847,0.000546847,0.000546847
2,73.7509,2.61482,2.79295,2.76468,0.00177,0.08636,0.00289,0.00114,3.88864,4.03421,3.94228,0.0010916,0.0010916,0.0010916
3,104.732,2.19551,1.89337,2.27752,0.68638,0.5331,0.61069,0.29779,1.93784,1.81762,2.29504,0.00162535,0.00162535,0.00162535
4,136.106,1.91694,1.57438,2.0411,0.58258,0.69693,0.75851,0.38385,1.73161,1.52338,2.03902,0.00161749,0.00161749,0.00161749
5,166.843,1.74278,1.37362,1.87531,0.84859,0.67312,0.82978,0.44911,1.58879,1.39763,1.91008,0.00160099,0.00160099,0.00160099
6,197.906,1.62291,1.26641,1.81555,0.86041,0.69073,0.82367,0.46562,1.53185,1.30981,1.86213,0.00158448,0.00158448,0.00158448
7,229.368,1.54733,1.16293,1.72501,0.81167,0.78935,0.84168,0.48795,1.50415,1.1872,1.78181,0.00156798,0.00156798,0.00156798
8,260.026,1.44071,1.08848,1.62515,0.84667,0.78158,0.87102,0.47815,1.56655,1.30508,1.76838,0.00155148,0.00155148,0.00155148
9,291.719,1.37671,1.01158,1.55505,0.8869,0.81933,0.89207,0.54377,1.32934,1.0715,1.63141,0.00153497,0.00153497,0.00153497
10,322.334,1.2788,0.93437,1.49771,0.87156,0.83093,0.90291,0.60172,1.20179,1.02824,1.56772,0.00151847,0.00151847,0.00151847
11,353.029,1.26073,0.90618,1.47919,0.89935,0.81137,0.90016,0.62491,1.13792,0.87112,1.46555,0.00150197,0.00150197,0.00150197
12,384.563,1.20952,0.85041,1.43289,0.94696,0.82065,0.92036,0.62141,1.12697,0.91252,1.47429,0.00148546,0.00148546,0.00148546
13,415.286,1.16314,0.81881,1.40082,0.96475,0.80836,0.92497,0.65211,1.07112,0.85105,1.41311,0.00146896,0.00146896,0.00146896
14,447.061,1.1164,0.78487,1.36962,0.91437,0.85208,0.93409,0.6639,1.05866,0.76433,1.41285,0.00145246,0.00145246,0.00145246
15,477.836,1.10521,0.78262,1.34743,0.91265,0.91728,0.95106,0.69667,0.97977,0.74048,1.3357,0.00143595,0.00143595,0.00143595
16,508.874,1.0686,0.74135,1.31181,0.90367,0.91401,0.95154,0.68945,1.01347,0.70812,1.34819,0.00141945,0.00141945,0.00141945
17,540.014,1.06531,0.72879,1.30818,0.94366,0.89909,0.95588,0.72004,0.91057,0.66186,1.27393,0.00140295,0.00140295,0.00140295
18,570.554,0.99309,0.69238,1.25729,0.96347,0.87902,0.9578,0.72568,0.90367,0.6557,1.27577,0.00138644,0.00138644,0.00138644
19,602.121,0.99497,0.68919,1.26578,0.90985,0.91354,0.94959,0.72126,0.89512,0.6707,1.2512,0.00136994,0.00136994,0.00136994
20,632.952,0.98847,0.68481,1.25821,0.95088,0.89834,0.9583,0.72186,0.92851,0.6447,1.26937,0.00135344,0.00135344,0.00135344
21,663.583,0.98143,0.67238,1.25413,0.93677,0.86692,0.93969,0.72174,0.86312,0.70025,1.24283,0.00133693,0.00133693,0.00133693
22,694.83,0.92401,0.64332,1.22526,0.92937,0.86459,0.9395,0.70525,0.91997,0.71022,1.29775,0.00132043,0.00132043,0.00132043
23,725.236,0.92564,0.64936,1.21217,0.92794,0.92815,0.96306,0.76501,0.76786,0.61508,1.16781,0.00130393,0.00130393,0.00130393
24,756.804,0.93993,0.63869,1.20843,0.95892,0.91724,0.96277,0.74851,0.84434,0.62942,1.21093,0.00128742,0.00128742,0.00128742
25,787.022,0.91891,0.6289,1.19934,0.9347,0.93288,0.97172,0.77116,0.77423,0.56448,1.16598,0.00127092,0.00127092,0.00127092
26,817.401,0.88447,0.60467,1.1726,0.95182,0.91775,0.97226,0.76872,0.78327,0.55738,1.1587,0.00125442,0.00125442,0.00125442
27,848.767,0.84922,0.58701,1.14779,0.95881,0.92707,0.96862,0.76029,0.77099,0.59651,1.15723,0.00123791,0.00123791,0.00123791
28,879.206,0.8509,0.58238,1.14295,0.93652,0.93712,0.9703,0.788,0.70645,0.53999,1.1013,0.00122141,0.00122141,0.00122141
29,910.231,0.8553,0.59269,1.14749,0.96822,0.91886,0.97107,0.78949,0.73961,0.56262,1.11998,0.00120491,0.00120491,0.00120491
30,941.283,0.84438,0.58862,1.15439,0.95737,0.92018,0.96914,0.79841,0.68643,0.55708,1.09755,0.0011884,0.0011884,0.0011884
31,971.694,0.83115,0.57497,1.13561,0.96172,0.93032,0.97455,0.80274,0.69032,0.52071,1.08923,0.0011719,0.0011719,0.0011719
32,1002.71,0.80355,0.54833,1.11954,0.96179,0.91294,0.97235,0.80103,0.69068,0.5114,1.09025,0.0011554,0.0011554,0.0011554
33,1033.47,0.80883,0.55719,1.13057,0.96878,0.92494,0.97331,0.8068,0.68445,0.51229,1.07379,0.00113889,0.00113889,0.00113889
34,1063.98,0.80052,0.55601,1.12229,0.94866,0.91533,0.96519,0.80656,0.65783,0.52836,1.06531,0.00112239,0.00112239,0.00112239
35,1095.23,0.78705,0.53781,1.11117,0.93178,0.93587,0.9699,0.79252,0.68362,0.52419,1.08577,0.00110589,0.00110589,0.00110589
36,1125.64,0.775,0.5325,1.10036,0.94139,0.92577,0.97205,0.80965,0.657,0.49205,1.05126,0.00108938,0.00108938,0.00108938
37,1156.56,0.77694,0.52673,1.09916,0.95995,0.91744,0.97636,0.8204,0.64355,0.47881,1.04459,0.00107288,0.00107288,0.00107288
38,1187.52,0.76328,0.52557,1.10218,0.93511,0.92867,0.9708,0.81478,0.65405,0.5012,1.0641,0.00105638,0.00105638,0.00105638
39,1217.69,0.74136,0.52028,1.0849,0.92821,0.93579,0.96851,0.81156,0.65512,0.49549,1.05777,0.00103987,0.00103987,0.00103987
40,1248.89,0.75011,0.51412,1.0928,0.9737,0.90399,0.97158,0.80451,0.67522,0.5039,1.08561,0.00102337,0.00102337,0.00102337
41,1279.13,0.73924,0.50684,1.08138,0.94226,0.92989,0.97317,0.81716,0.64797,0.49883,1.05372,0.00100687,0.00100687,0.00100687
42,1309.78,0.73599,0.5187,1.07546,0.95325,0.94342,0.97978,0.81766,0.65467,0.49666,1.04549,0.000990365,0.000990365,0.000990365
43,1340.81,0.74203,0.51988,1.082,0.94713,0.94268,0.97726,0.82474,0.62709,0.47785,1.04994,0.000973861,0.000973861,0.000973861
44,1379.37,0.72619,0.50269,1.07116,0.95539,0.94193,0.98275,0.839,0.61849,0.44879,1.01038,0.000957358,0.000957358,0.000957358
45,1427.24,0.73298,0.49372,1.06716,0.96508,0.93951,0.98062,0.82138,0.61765,0.46149,1.00998,0.000940855,0.000940855,0.000940855
46,1461.58,0.71295,0.48328,1.05607,0.94277,0.95423,0.98074,0.82837,0.62116,0.46013,1.02171,0.000924352,0.000924352,0.000924352
47,1492.78,0.70291,0.48758,1.06483,0.96547,0.93779,0.98032,0.84369,0.58124,0.44567,1.00368,0.000907848,0.000907848,0.000907848
48,1523.47,0.70428,0.47322,1.04432,0.97178,0.94463,0.98176,0.83301,0.61334,0.4524,1.02422,0.000891345,0.000891345,0.000891345
49,1553.6,0.71534,0.48065,1.06621,0.96298,0.93708,0.97969,0.85751,0.55606,0.44435,0.99194,0.000874842,0.000874842,0.000874842
50,1585,0.69678,0.47484,1.05147,0.94574,0.94397,0.97751,0.84287,0.5869,0.4501,1.00979,0.000858338,0.000858338,0.000858338
51,1615.48,0.69307,0.47079,1.05496,0.95905,0.95828,0.98345,0.84853,0.57514,0.42807,0.99571,0.000841835,0.000841835,0.000841835
52,1646.07,0.67269,0.45634,1.02775,0.97482,0.93608,0.98551,0.85121,0.56033,0.43984,0.98766,0.000825332,0.000825332,0.000825332
53,1676.82,0.67606,0.46521,1.03861,0.96933,0.92879,0.9797,0.852,0.56556,0.44326,0.98465,0.000808828,0.000808828,0.000808828
54,1706.71,0.65615,0.45335,1.02295,0.95761,0.95577,0.98289,0.85338,0.56946,0.41613,0.97675,0.000792325,0.000792325,0.000792325
55,1737.63,0.67703,0.45067,1.0339,0.96582,0.94305,0.98381,0.85244,0.5675,0.43611,0.98264,0.000775822,0.000775822,0.000775822
56,1768.41,0.65666,0.44593,1.02654,0.97838,0.93951,0.98211,0.84837,0.58633,0.42526,0.99009,0.000759318,0.000759318,0.000759318
57,1798.57,0.65704,0.44299,1.0205,0.96632,0.94441,0.98002,0.85108,0.56532,0.4289,0.98273,0.000742815,0.000742815,0.000742815
58,1829.53,0.66466,0.45184,1.03131,0.95347,0.9565,0.98436,0.85059,0.57479,0.41617,0.97666,0.000726312,0.000726312,0.000726312
59,1859.72,0.64933,0.4374,1.01617,0.97004,0.95377,0.98417,0.85884,0.55215,0.41489,0.97046,0.000709809,0.000709809,0.000709809
60,1889.74,0.64217,0.43223,1.01769,0.96362,0.94193,0.9785,0.85893,0.55709,0.40913,0.97726,0.000693305,0.000693305,0.000693305
61,1920.81,0.63689,0.43133,1.00546,0.95428,0.9662,0.98333,0.86455,0.53446,0.40204,0.96523,0.000676802,0.000676802,0.000676802
62,1951.05,0.63388,0.44031,1.00658,0.95541,0.95075,0.98148,0.86191,0.53332,0.40264,0.95885,0.000660299,0.000660299,0.000660299
63,1982.17,0.62528,0.41895,1.01396,0.96981,0.96378,0.98608,0.86711,0.53758,0.40142,0.96897,0.000643795,0.000643795,0.000643795
64,2013.34,0.60992,0.4076,0.99306,0.95183,0.94921,0.98212,0.85659,0.55314,0.3968,0.97303,0.000627292,0.000627292,0.000627292
65,2043.72,0.63397,0.43166,1.02207,0.97696,0.95674,0.98524,0.86541,0.53066,0.3811,0.95328,0.000610789,0.000610789,0.000610789
66,2075.07,0.62406,0.42603,1.01183,0.96212,0.92982,0.98325,0.86702,0.55824,0.40293,0.97334,0.000594286,0.000594286,0.000594286
67,2105.81,0.61833,0.41851,1.00689,0.97565,0.95164,0.98631,0.87156,0.5338,0.39088,0.9561,0.000577782,0.000577782,0.000577782
68,2136.31,0.61151,0.41946,1.00088,0.95448,0.95552,0.98323,0.86747,0.5398,0.39609,0.95638,0.000561279,0.000561279,0.000561279
69,2167.51,0.61034,0.41778,0.99981,0.96336,0.95576,0.98786,0.87171,0.51472,0.38863,0.94778,0.000544776,0.000544776,0.000544776
70,2197.58,0.60141,0.40979,0.98711,0.97546,0.94892,0.98524,0.87912,0.51109,0.38292,0.94588,0.000528272,0.000528272,0.000528272
71,2228.74,0.59704,0.40202,0.98585,0.97224,0.94436,0.98478,0.86972,0.52211,0.38148,0.95178,0.000511769,0.000511769,0.000511769
72,2259.62,0.59999,0.403,1.0022,0.96972,0.94675,0.98453,0.87995,0.50756,0.38648,0.93958,0.000495266,0.000495266,0.000495266
73,2289.89,0.59023,0.4099,0.97895,0.9767,0.94679,0.98702,0.8772,0.51652,0.37594,0.94973,0.000478762,0.000478762,0.000478762
74,2321.63,0.59297,0.40125,0.98531,0.97734,0.95071,0.98666,0.86808,0.53042,0.38061,0.94957,0.000462259,0.000462259,0.000462259
75,2352.28,0.5982,0.40603,0.99673,0.97157,0.95106,0.9872,0.87647,0.5207,0.37759,0.94528,0.000445756,0.000445756,0.000445756
76,2383.81,0.59055,0.40609,0.99062,0.97895,0.94539,0.98692,0.88261,0.49146,0.37192,0.92962,0.000429253,0.000429253,0.000429253
77,2415.51,0.60222,0.40316,0.99176,0.96563,0.96378,0.98627,0.8804,0.50839,0.38439,0.93579,0.000412749,0.000412749,0.000412749
78,2446,0.59044,0.39214,0.98535,0.97927,0.95164,0.98748,0.88232,0.51151,0.37248,0.93533,0.000396246,0.000396246,0.000396246
79,2477.44,0.57688,0.39198,0.98195,0.9745,0.93889,0.97832,0.86067,0.51924,0.39531,0.94606,0.000379743,0.000379743,0.000379743
80,2507.9,0.57246,0.39281,0.97787,0.97591,0.9474,0.98534,0.87497,0.52675,0.37245,0.94609,0.000363239,0.000363239,0.000363239
81,2538.31,0.57602,0.39215,0.98774,0.96861,0.96281,0.98742,0.87349,0.51575,0.3613,0.95038,0.000346736,0.000346736,0.000346736
82,2569.75,0.56854,0.38831,0.98161,0.97316,0.96191,0.98438,0.87526,0.50508,0.3608,0.93892,0.000330233,0.000330233,0.000330233
83,2600.17,0.56847,0.38013,0.97341,0.97771,0.95967,0.98789,0.87792,0.51819,0.35246,0.94365,0.000313729,0.000313729,0.000313729
84,2630.93,0.55758,0.37775,0.96509,0.97317,0.96476,0.98828,0.87531,0.51304,0.36034,0.94433,0.000297226,0.000297226,0.000297226
85,2662.01,0.55206,0.37252,0.96105,0.96889,0.95953,0.98657,0.88297,0.49636,0.36038,0.93591,0.000280723,0.000280723,0.000280723
86,2692.44,0.5513,0.36684,0.9626,0.96705,0.95892,0.98579,0.88508,0.50236,0.35966,0.93019,0.00026422,0.00026422,0.00026422
87,2723.91,0.55521,0.37483,0.96888,0.97957,0.95472,0.98717,0.88493,0.49648,0.35004,0.93138,0.000247716,0.000247716,0.000247716
88,2754.17,0.53491,0.36868,0.95281,0.96495,0.97496,0.98888,0.88438,0.48741,0.35623,0.92212,0.000231213,0.000231213,0.000231213
89,2784.68,0.54887,0.36885,0.96619,0.97363,0.93951,0.98522,0.87819,0.49013,0.35021,0.92963,0.00021471,0.00021471,0.00021471
90,2815.85,0.53785,0.36466,0.96117,0.95736,0.97264,0.98781,0.89034,0.48041,0.34769,0.92195,0.000198206,0.000198206,0.000198206
91,2847.78,0.45699,0.32556,0.8966,0.95561,0.96248,0.9856,0.87955,0.49058,0.35333,0.9188,0.000181703,0.000181703,0.000181703
92,2878.73,0.45805,0.32277,0.9063,0.95564,0.95755,0.98485,0.88645,0.4792,0.3515,0.91513,0.0001652,0.0001652,0.0001652
93,2908.72,0.44512,0.31197,0.89714,0.96555,0.95024,0.98671,0.88722,0.48704,0.35299,0.92096,0.000148696,0.000148696,0.000148696
94,2938.45,0.43709,0.31202,0.89386,0.97901,0.94899,0.98783,0.88395,0.48926,0.34434,0.91965,0.000132193,0.000132193,0.000132193
95,2969.51,0.44511,0.30985,0.89051,0.97583,0.94921,0.98848,0.88955,0.48192,0.33869,0.91648,0.00011569,0.00011569,0.00011569
96,2999.08,0.43276,0.30833,0.88684,0.95281,0.97106,0.98783,0.89189,0.47853,0.3415,0.91571,9.91865e-05,9.91865e-05,9.91865e-05
97,3029.09,0.42655,0.30021,0.88443,0.97615,0.95244,0.98809,0.89038,0.47905,0.34389,0.91655,8.26832e-05,8.26832e-05,8.26832e-05
98,3059.76,0.4218,0.29853,0.88409,0.9786,0.95013,0.98841,0.89356,0.47217,0.33801,0.91451,6.61799e-05,6.61799e-05,6.61799e-05
99,3089.32,0.42305,0.30072,0.88153,0.9749,0.95035,0.98821,0.8922,0.47425,0.33695,0.91296,4.96766e-05,4.96766e-05,4.96766e-05
100,3119.04,0.41478,0.29795,0.88413,0.972,0.95242,0.98779,0.88947,0.47995,0.33744,0.91773,3.31733e-05,3.31733e-05,3.31733e-05
